{"accuracy": [0.027608346194028854, 0.04398074001073837, 0.06260032206773758, 0.09149277955293655, 0.11653290688991547, 0.15248796343803406, 0.1980738341808319, 0.22792936861515045, 0.2834670841693878, 0.31396469473838806, 0.36276084184646606, 0.4000000059604645, 0.43691813945770264, 0.44975921511650085, 0.515569806098938, 0.5252006649971008, 0.5467094779014587, 0.5951845645904541, 0.5951845645904541, 0.6279293894767761, 0.6407704949378967, 0.6638844013214111, 0.6853932738304138, 0.6632423996925354, 0.7011235952377319, 0.7165328860282898, 0.7390047907829285, 0.7316212058067322, 0.7428571581840515, 0.7656500935554504], "loss": [15.2376127243042, 4.362994194030762, 3.8066084384918213, 4.497555255889893, 4.133934020996094, 3.7555384635925293, 3.6687192916870117, 3.382335662841797, 3.178704023361206, 3.28818416595459, 2.7536187171936035, 2.8740780353546143, 2.3704679012298584, 3.4000911712646484, 2.0808603763580322, 2.2261605262756348, 2.1021790504455566, 1.745418667793274, 2.033372163772583, 1.6941134929656982, 1.5376121997833252, 2.0123727321624756, 1.5779911279678345, 1.8722164630889893, 1.685271143913269, 1.3086596727371216, 1.2941241264343262, 1.5571069717407227, 1.2989846467971802, 1.253387689590454], "val_accuracy": [0.05982905998826027, 0.05982905998826027, 0.1367521435022354, 0.18518517911434174, 0.25925925374031067, 0.27635326981544495, 0.2849002778530121, 0.4245014190673828, 0.4643874764442444, 0.5470085740089417, 0.36467236280441284, 0.6096866130828857, 0.4928774833679199, 0.6581196784973145, 0.5811966061592102, 0.7094017267227173, 0.7150996923446655, 0.6951566934585571, 0.6524216532707214, 0.7492877244949341, 0.7777777910232544, 0.7891737818717957, 0.7977207899093628, 0.7094017267227173, 0.8148148059844971, 0.68660968542099, 0.8404558300971985, 0.7863247990608215, 0.8233618140220642, 0.8148148059844971], "val_loss": [3.5357666015625, 3.5837457180023193, 3.412590980529785, 3.2469186782836914, 2.9688174724578857, 2.9781765937805176, 2.890193462371826, 2.5075626373291016, 2.4291250705718994, 2.1322338581085205, 3.3340611457824707, 1.8948390483856201, 3.1115269660949707, 1.7935302257537842, 2.3847076892852783, 1.8959952592849731, 1.7750823497772217, 1.8314160108566284, 2.5684289932250977, 1.6696264743804932, 1.5389351844787598, 1.8996895551681519, 1.6560533046722412, 2.345618724822998, 1.7441076040267944, 2.79058575630188, 2.079514980316162, 2.1579549312591553, 2.05535626411438, 2.0259199142456055]}