{"accuracy": [0.0272873193025589, 0.03820224851369858, 0.03788122162222862, 0.04558587446808815, 0.0725521668791771, 0.08314606547355652, 0.11075441539287567, 0.12744782865047455, 0.17528089880943298, 0.21059389412403107, 0.2699839472770691, 0.31171751022338867, 0.39518457651138306, 0.4430176615715027, 0.5197432041168213, 0.5441412329673767, 0.6208667755126953, 0.6478330492973328, 0.6853932738304138, 0.7008025646209717, 0.7313001751899719, 0.7637239098548889, 0.7890850901603699, 0.7704654932022095, 0.803531289100647, 0.8182985782623291, 0.8426966071128845, 0.837239146232605, 0.8609951734542847, 0.8616372346878052, 0.8847512006759644, 0.9001604914665222], "loss": [8.959395408630371, 3.576237916946411, 3.5518202781677246, 3.525038480758667, 3.435819387435913, 3.3866608142852783, 3.239426851272583, 3.120593786239624, 2.94779109954834, 2.7992594242095947, 2.5891456604003906, 2.4461755752563477, 2.12376070022583, 1.9804604053497314, 1.6821781396865845, 1.5604770183563232, 1.3015309572219849, 1.2019003629684448, 1.0752407312393188, 1.019380807876587, 0.9166036248207092, 0.82771235704422, 0.704806923866272, 0.7951439023017883, 0.6734456419944763, 0.6170998811721802, 0.553960919380188, 0.5751834511756897, 0.5118860006332397, 0.49330177903175354, 0.39368298649787903, 0.35126277804374695], "val_accuracy": [0.03133903071284294, 0.03988603875041008, 0.03418803587555885, 0.07122506946325302, 0.1111111119389534, 0.14245013892650604, 0.2421652376651764, 0.31339031457901, 0.34188035130500793, 0.4672364592552185, 0.5698005557060242, 0.5925925970077515, 0.7065526843070984, 0.74643874168396, 0.7435897588729858, 0.8062677979469299, 0.8148148059844971, 0.8461538553237915, 0.8547008633613586, 0.8547008633613586, 0.8717948794364929, 0.8660968542098999, 0.874643862247467, 0.8831908702850342, 0.8974359035491943, 0.9059829115867615, 0.9173789024353027, 0.8945869207382202, 0.934472918510437, 0.9230769276618958, 0.9259259104728699, 0.9316239356994629], "val_loss": [3.580892562866211, 3.5738985538482666, 3.577347755432129, 3.521465539932251, 3.35440731048584, 3.2315046787261963, 2.881619930267334, 2.605903387069702, 2.5504870414733887, 2.030905246734619, 1.8806376457214355, 1.655987024307251, 1.2253650426864624, 1.0792945623397827, 1.0387989282608032, 0.8170823454856873, 0.8417961001396179, 0.7307153344154358, 0.6698876023292542, 0.7063536643981934, 0.557617723941803, 0.5672263503074646, 0.6631545424461365, 0.5339764356613159, 0.5811406970024109, 0.5361748337745667, 0.4643632173538208, 0.5534554719924927, 0.5216944217681885, 0.4602545201778412, 0.4231788218021393, 0.4705130159854889]}